{
  "pooled": {
    "1x2": {
      "model_brier": 0.6184012342193973,
      "baseline_brier": 0.5747307258535301,
      "n": 123
    },
    "ou_2_5": {
      "model_brier": 0.5362606551700376,
      "baseline_brier": 0.5253252032520324,
      "n": 123
    },
    "btts": {
      "model_brier": 0.5153055722675056,
      "baseline_brier": 0.5027642276422764,
      "n": 123
    },
    "corners_total_9_5": {
      "model_brier": NaN,
      "baseline_brier": NaN,
      "n": 0
    }
  },
  "per_tournament": {
    "INT-European Championship|2016": {
      "1x2": {
        "model_brier": 0.769368058293777,
        "baseline_brier": 0.7443734414775911,
        "n": 8
      },
      "ou_2_5": {
        "model_brier": 0.4102478814016335,
        "baseline_brier": 0.7022222222222223,
        "n": 8
      },
      "btts": {
        "model_brier": 0.5004645831332798,
        "baseline_brier": 0.5355555555555556,
        "n": 8
      }
    },
    "INT-World Cup|2018": {
      "1x2": {
        "model_brier": 0.5826614824487695,
        "baseline_brier": 0.6165516455383546,
        "n": 36
      },
      "ou_2_5": {
        "model_brier": 0.5198743401462286,
        "baseline_brier": 0.5272222222222224,
        "n": 36
      },
      "btts": {
        "model_brier": 0.47856184397168444,
        "baseline_brier": 0.5059259259259261,
        "n": 36
      }
    },
    "INT-European Championship|2020": {
      "1x2": {
        "model_brier": 0.6008503560819802,
        "baseline_brier": 0.5366806161954041,
        "n": 38
      },
      "ou_2_5": {
        "model_brier": 0.6106406628427883,
        "baseline_brier": 0.4903801169590645,
        "n": 38
      },
      "btts": {
        "model_brier": 0.5370077283619645,
        "baseline_brier": 0.5022222222222223,
        "n": 38
      }
    },
    "INT-European Championship|2024": {
      "1x2": {
        "model_brier": 0.6365922059357244,
        "baseline_brier": 0.5401748559355453,
        "n": 41
      },
      "ou_2_5": {
        "model_brier": 0.5062989293027168,
        "baseline_brier": 0.5215311653116531,
        "n": 41
      },
      "btts": {
        "model_brier": 0.5303499673927232,
        "baseline_brier": 0.49409214092140924,
        "n": 41
      }
    }
  }
}